nombre,apellido,front,back,email,apellido,telefono
Caleb,Murphy,1,5,trocha@crawford.com,Murphy,Murphy
Kristen,Boone,5,5,leblancmarcus@yahoo.com,Boone,Boone
Andres,Hernandez,1,3,wandabuchanan@hotmail.com,Hernandez,Hernandez
Michael,Richardson,4,5,gomezpreston@gmail.com,Richardson,Richardson
Carrie,Turner,2,4,zayala@yahoo.com,Turner,Turner
Miranda,Quinn,5,2,marshallnicholas@hotmail.com,Quinn,Quinn
Joshua,Clay,3,1,dudleyerin@graham.com,Clay,Clay
Nathaniel,Stark,1,4,bhouse@henson-bautista.com,Stark,Stark
Joshua,Scott,5,3,veronicarollins@yahoo.com,Scott,Scott
Samuel,Hale,5,3,dillonfrank@dyer.com,Hale,Hale
Michael,Ali,4,1,lewismichele@thompson.org,Ali,Ali
Michelle,Mckinney,4,4,laurapratt@hotmail.com,Mckinney,Mckinney
Jeffrey,Knox,3,3,rmeyer@williams.info,Knox,Knox
Laura,Schneider,2,4,brownchristopher@horn.com,Schneider,Schneider
Zachary,Rojas,5,1,jessicahernandez@ibarra.org,Rojas,Rojas
Thomas,Yang,1,2,kristineedwards@hotmail.com,Yang,Yang
Samuel,Riggs,5,4,lucasderek@hotmail.com,Riggs,Riggs
Mark,Curtis,4,5,johnsbrandon@campbell.info,Curtis,Curtis
Lauren,Alexander,1,4,joe76@hotmail.com,Alexander,Alexander
Cheyenne,Morales,5,3,edward26@hunt-dean.com,Morales,Morales
Erin,Padilla,4,5,tsingh@hotmail.com,Padilla,Padilla
Ronald,Austin,5,3,sskinner@hotmail.com,Austin,Austin
Catherine,Stone,2,3,lejames@hotmail.com,Stone,Stone
Alan,Johnson,3,2,hdecker@miller.biz,Johnson,Johnson
Jeremy,Molina,1,3,jamesrivers@hotmail.com,Molina,Molina
Eric,Atkins,5,5,kbolton@evans.com,Atkins,Atkins
Emily,Elliott,3,3,smalltammy@gomez.com,Elliott,Elliott
Dwayne,Vaughan,2,3,barneschristopher@gmail.com,Vaughan,Vaughan
Michelle,Roberson,2,5,jamesalexander@yahoo.com,Roberson,Roberson
Kimberly,Pope,3,2,schmittrichard@pope-page.com,Pope,Pope
Toni,Lowe,5,1,garzasherry@johnson.biz,Lowe,Lowe
Ashley,Beck,5,5,robert70@davis.com,Beck,Beck
Daniel,Jackson,1,1,derekgreen@lambert.org,Jackson,Jackson
Becky,Fitzpatrick,5,3,kelly72@hotmail.com,Fitzpatrick,Fitzpatrick
Omar,Williams,2,1,elizabeth78@welch.com,Williams,Williams
Brandon,Barnes,2,3,brownbrittany@hotmail.com,Barnes,Barnes
Michael,Mitchell,5,2,qmiller@hotmail.com,Mitchell,Mitchell
Allen,Adams,5,4,wgentry@hotmail.com,Adams,Adams
David,Andrade,4,1,rodneyglenn@yahoo.com,Andrade,Andrade
Judy,Houston,4,1,jason57@sanchez-casey.info,Houston,Houston
Joshua,Griffin,1,3,hpreston@hamilton.com,Griffin,Griffin
Tiffany,West,3,1,silvalisa@gmail.com,West,West
Alyssa,Farmer,3,1,arroyomicheal@baker.com,Farmer,Farmer
Roger,Huber,2,3,victorburnett@anderson.biz,Huber,Huber
Timothy,Johnston,4,5,josephwright@harmon.com,Johnston,Johnston
Stanley,Mueller,4,4,lucas24@hotmail.com,Mueller,Mueller
Krista,Carrillo,2,5,james44@johnson.com,Carrillo,Carrillo
Danielle,Boyd,3,1,hfoster@jacobs-ferguson.com,Boyd,Boyd
Rodney,Hawkins,2,4,heathercastillo@gmail.com,Hawkins,Hawkins
Levi,Perez,1,2,wescobar@nguyen.info,Perez,Perez
Heather,Chambers,3,4,wflores@garcia.com,Chambers,Chambers
Sandra,Price,3,4,jenniferallen@smith.com,Price,Price
Alyssa,White,1,4,emilyhowell@terry.com,White,White
Vickie,Grimes,3,4,tanya13@gmail.com,Grimes,Grimes
Regina,Castillo,5,3,kellyvazquez@vincent.com,Castillo,Castillo
Denise,Espinoza,1,2,rebeccalloyd@hotmail.com,Espinoza,Espinoza
Kristen,Fletcher,4,1,dennissosa@hotmail.com,Fletcher,Fletcher
Alexis,Buck,3,1,danielcarr@howard.org,Buck,Buck
Ricardo,Hernandez,1,3,amanda47@peters.com,Hernandez,Hernandez
Kevin,Lawrence,5,3,nbaker@adams-greene.com,Lawrence,Lawrence
Thomas,James,5,3,jasonacosta@davis.com,James,James
Isaiah,Jordan,1,1,amanda58@randolph-cooley.biz,Jordan,Jordan
Corey,Woods,5,4,johnsontyler@yahoo.com,Woods,Woods
Allison,Montgomery,5,4,gdouglas@luna.net,Montgomery,Montgomery
Tiffany,Smith,4,1,ericataylor@gmail.com,Smith,Smith
Rebekah,Frost,3,2,reidcassidy@brown.com,Frost,Frost
Cathy,Evans,1,5,qwade@hotmail.com,Evans,Evans
Amanda,Davis,4,3,jared25@davis.com,Davis,Davis
Todd,Frye,1,2,nicole10@garcia.com,Frye,Frye
Rhonda,Davidson,1,1,mooredana@valenzuela.com,Davidson,Davidson
Lisa,Jackson,4,4,veronica60@lee-powell.com,Jackson,Jackson
Robert,Brown,1,5,elizabethskinner@hotmail.com,Brown,Brown
Garrett,Smith,1,1,marisa66@terrell.org,Smith,Smith
Michael,Thomas,5,1,patricia10@contreras.org,Thomas,Thomas
Elaine,Mclean,3,4,aaronbradshaw@robbins.biz,Mclean,Mclean
Colleen,Lynch,4,2,wsullivan@gmail.com,Lynch,Lynch
Jonathan,Contreras,3,4,cainmary@warner.net,Contreras,Contreras
Robert,Burton,5,1,shelleyprice@gmail.com,Burton,Burton
Andre,Patterson,1,2,fisherkenneth@hotmail.com,Patterson,Patterson
Jeffrey,Swanson,2,2,fhansen@hotmail.com,Swanson,Swanson
Felicia,Smith,5,5,mrosales@phillips.info,Smith,Smith
Michelle,Wood,1,2,browndalton@yahoo.com,Wood,Wood
Danielle,Fuller,5,2,lawrenceemily@gmail.com,Fuller,Fuller
Wendy,Holmes,4,5,rjones@gmail.com,Holmes,Holmes
Krista,Smith,1,5,stuart11@yahoo.com,Smith,Smith
Brianna,Cummings,1,5,uyates@cabrera.biz,Cummings,Cummings
Michael,Miller,1,1,ryanfitzpatrick@foster.com,Miller,Miller
Brenda,Holt,3,3,marissa60@garrison-taylor.com,Holt,Holt
Paula,Potter,4,2,lmartinez@yahoo.com,Potter,Potter
Megan,Jones,2,5,allengarcia@griffin.net,Jones,Jones
Terri,Riley,3,5,edwin86@hotmail.com,Riley,Riley
Keith,Alvarado,5,5,shawvictoria@smith-medina.com,Alvarado,Alvarado
Stephanie,Rodriguez,5,2,tony52@ruiz.com,Rodriguez,Rodriguez
Oscar,Miller,2,5,petersengerald@simmons.net,Miller,Miller
Charlene,Joseph,5,3,jennifer77@garcia.com,Joseph,Joseph
John,Medina,1,4,jturner@gmail.com,Medina,Medina
Christopher,Moore,5,2,emitchell@tran.com,Moore,Moore
Karen,Castillo,3,2,walkertyler@yahoo.com,Castillo,Castillo
Mason,Bennett,4,4,cjones@marquez.com,Bennett,Bennett
Johnny,Pena,3,5,longanthony@hotmail.com,Pena,Pena
Robert,Gonzalez,2,3,peter55@yahoo.com,Gonzalez,Gonzalez
Tamara,Moore,1,1,george62@yahoo.com,Moore,Moore
Sean,Stokes,2,1,jeffreyrichardson@white.biz,Stokes,Stokes
Daryl,Warren,3,2,foliver@martin-long.biz,Warren,Warren
Angela,Weber,4,4,vmitchell@green-fox.info,Weber,Weber
Thomas,Wallace,4,3,kellidavis@hotmail.com,Wallace,Wallace
Shawn,Shelton,4,4,brandonwilliams@gmail.com,Shelton,Shelton
Rebecca,Webster,5,2,lukefranklin@hotmail.com,Webster,Webster
Daniel,Harris,5,5,collinburns@hotmail.com,Harris,Harris
Teresa,Fernandez,2,3,darrellbell@turner.info,Fernandez,Fernandez
Mary,Archer,1,5,yvette44@yahoo.com,Archer,Archer
Jacqueline,Flynn,5,4,ipeck@gmail.com,Flynn,Flynn
Sarah,Kim,2,5,jmyers@hardin.net,Kim,Kim
Nicole,Peters,4,2,kleinjanet@gmail.com,Peters,Peters
Tanya,Bridges,4,4,nallen@gmail.com,Bridges,Bridges
James,Rice,5,2,robertstonya@henderson-johnson.com,Rice,Rice
Robin,Walker,3,3,uleon@hotmail.com,Walker,Walker
Alexander,Frazier,3,3,ujones@gmail.com,Frazier,Frazier
Andrew,Thompson,1,1,wbutler@henry-miller.com,Thompson,Thompson
Katrina,Krause,5,1,josemcclain@gmail.com,Krause,Krause
Susan,Turner,3,3,nicolelynch@hotmail.com,Turner,Turner
Katherine,Marshall,4,3,kmiller@macias.com,Marshall,Marshall
Sherry,Owens,1,4,michael65@wheeler.com,Owens,Owens
Stephanie,Kelley,3,2,christianclarke@gates.net,Kelley,Kelley
Christopher,Fritz,1,3,rwyatt@curtis.com,Fritz,Fritz
Hannah,Todd,4,1,xrollins@sims.biz,Todd,Todd
Norman,Lee,1,2,mirandakaren@yahoo.com,Lee,Lee
Elizabeth,Pierce,5,4,uchaney@yahoo.com,Pierce,Pierce
Nathan,Olson,5,2,josephbowman@hotmail.com,Olson,Olson
Gregory,Smith,4,4,nlawrence@vaughn.com,Smith,Smith
Kelly,Hawkins,3,4,thomaspatrick@myers.net,Hawkins,Hawkins
Crystal,Wells,1,3,eric98@hotmail.com,Wells,Wells
Steven,Weaver,1,5,marywagner@powers-potter.com,Weaver,Weaver
Joanna,Adams,5,1,cooperkenneth@aguilar.info,Adams,Adams
Kevin,Sanders,3,5,nelsoncourtney@callahan.com,Sanders,Sanders
Kyle,Dean,5,4,nicolerivera@vance.com,Dean,Dean
Wendy,Turner,3,2,john42@hart.org,Turner,Turner
Anthony,James,5,2,migueltucker@gmail.com,James,James
Andrew,Alvarado,5,2,thomasnatalie@evans.com,Alvarado,Alvarado
Heather,Stuart,1,2,denisejohnson@wells-castaneda.com,Stuart,Stuart
James,Flores,4,1,charlesvance@gmail.com,Flores,Flores
Meghan,Page,4,5,loriadams@cruz.com,Page,Page
Robert,Johnson,1,2,jbrock@hamilton.net,Johnson,Johnson
Gina,Kelly,2,3,katherine80@hotmail.com,Kelly,Kelly
Michael,Montes,3,2,davidlang@powell.com,Montes,Montes
Matthew,Salazar,4,2,bakerjason@mullins.com,Salazar,Salazar
Aaron,Obrien,4,4,fharris@morgan-hernandez.org,Obrien,Obrien
Tyler,Moon,1,3,luceropatrick@hotmail.com,Moon,Moon
Denise,Oconnell,4,3,millershawn@gmail.com,Oconnell,Oconnell
James,Barnes,4,1,znguyen@owens.com,Barnes,Barnes
Devin,Williams,3,3,brittanychan@gmail.com,Williams,Williams
Brittney,Lindsey,3,5,qwallace@yahoo.com,Lindsey,Lindsey
David,Ellison,4,2,rodriguezwilliam@gmail.com,Ellison,Ellison
David,Dodson,2,5,michaelyoung@hotmail.com,Dodson,Dodson
Kenneth,Harris,3,3,vsolis@yahoo.com,Harris,Harris
James,Mccann,1,4,swalker@allen.com,Mccann,Mccann
Kevin,Trevino,5,2,sara00@cooper-boyd.net,Trevino,Trevino
Peggy,Harrington,2,4,leslieadams@gmail.com,Harrington,Harrington
Shelley,Green,5,5,zjones@wright.com,Green,Green
Richard,Savage,5,5,powellbradley@gmail.com,Savage,Savage
Toni,Turner,1,1,mmiller@le.org,Turner,Turner
Philip,Chang,3,3,dana95@hotmail.com,Chang,Chang
Jessica,Collins,5,5,ssavage@peters.com,Collins,Collins
Pamela,Reed,2,3,campbelljessica@hotmail.com,Reed,Reed
Daniel,Rogers,1,2,varias@lynch.com,Rogers,Rogers
James,Williams,1,5,stanleyporter@gmail.com,Williams,Williams
Nicholas,Ramirez,4,4,lisa31@yahoo.com,Ramirez,Ramirez
Leslie,Burton,3,1,youngmary@yahoo.com,Burton,Burton
Tracey,Jenkins,5,4,april13@lawrence-tucker.com,Jenkins,Jenkins
Brian,Ingram,5,4,lisa22@rice.com,Ingram,Ingram
Ashley,Nguyen,1,4,jennifer14@hotmail.com,Nguyen,Nguyen
Joseph,Wheeler,1,5,quinneric@porter-benson.com,Wheeler,Wheeler
Richard,Osborne,1,2,okirk@yahoo.com,Osborne,Osborne
Melanie,Graham,4,2,brocksarah@salazar.info,Graham,Graham
Adam,Ferguson,4,2,mark20@yahoo.com,Ferguson,Ferguson
Billy,Parks,5,1,marymullen@miller-kennedy.biz,Parks,Parks
Brianna,Harris,5,5,fernandezcolleen@hotmail.com,Harris,Harris
Adam,Rogers,2,2,elliotterica@gmail.com,Rogers,Rogers
Christine,Tapia,3,5,jennifer78@hotmail.com,Tapia,Tapia
Chelsea,Long,2,2,cathyward@thompson.com,Long,Long
Joseph,Espinoza,2,4,conradjeffrey@hensley.biz,Espinoza,Espinoza
Blake,Long,4,4,wardsamuel@yahoo.com,Long,Long
Bruce,Simpson,1,2,millercody@mcdaniel.org,Simpson,Simpson
Tina,Andrade,5,3,lopezdavid@gmail.com,Andrade,Andrade
Melody,Fitzpatrick,2,1,danielwashington@ballard.com,Fitzpatrick,Fitzpatrick
Amy,Shaffer,1,1,oliverrobert@harrison.biz,Shaffer,Shaffer
Christine,Floyd,3,5,shane10@yahoo.com,Floyd,Floyd
Jacob,Mccoy,5,1,ashley58@gmail.com,Mccoy,Mccoy
Kevin,Elliott,5,1,martinezkatherine@gmail.com,Elliott,Elliott
Eric,Butler,1,2,tmiller@hotmail.com,Butler,Butler
Anna,Baker,3,3,margaretdoyle@hotmail.com,Baker,Baker
Scott,Walker,1,2,wmartinez@howard.net,Walker,Walker
Latoya,Kelley,5,1,leejennifer@gmail.com,Kelley,Kelley
Donald,Gomez,2,1,jessica24@callahan.net,Gomez,Gomez
Francisco,Adams,2,3,tyler02@gmail.com,Adams,Adams
Richard,Williamson,3,2,michaelwiggins@gmail.com,Williamson,Williamson
John,Thompson,1,1,kylewatkins@king-rivera.com,Thompson,Thompson
Patricia,Serrano,3,4,kimberlyadams@hansen-smith.com,Serrano,Serrano
Nathaniel,Scott,1,1,sherrysmith@dean.net,Scott,Scott
Joshua,Austin,1,2,randallmontgomery@gmail.com,Austin,Austin
Natasha,Stanley,4,4,elizabeth40@yahoo.com,Stanley,Stanley
Thomas,Smith,2,2,angela77@yahoo.com,Smith,Smith
Kristin,Young,3,4,edwardssharon@yahoo.com,Young,Young
Jose,Rodriguez,2,3,michaelbender@campos.com,Rodriguez,Rodriguez
Karen,Foster,3,4,sfarley@chen.com,Foster,Foster
Margaret,Mccoy,2,3,proctorcalvin@kelly-shepard.com,Mccoy,Mccoy
Mary,Thompson,2,4,osborneallison@erickson.biz,Thompson,Thompson
Shawn,Wheeler,3,5,susansavage@williams.net,Wheeler,Wheeler
Javier,Johnson,3,5,johnsonryan@harris-maxwell.com,Johnson,Johnson
Jacob,Christian,5,3,brownjessica@hotmail.com,Christian,Christian
Taylor,Hoffman,5,4,cunninghammadison@hotmail.com,Hoffman,Hoffman
Danielle,Hubbard,4,1,christian71@gmail.com,Hubbard,Hubbard
Steven,Smith,2,3,zjackson@juarez.org,Smith,Smith
Douglas,Holloway,3,4,lucasmclaughlin@werner-johnston.com,Holloway,Holloway
Natalie,Schultz,2,5,christina30@curry.com,Schultz,Schultz
Robert,Miller,2,4,alyssa01@robertson.biz,Miller,Miller
Kimberly,Carter,4,1,melissa83@yahoo.com,Carter,Carter
Jacob,Wells,3,3,jill40@stewart.com,Wells,Wells
Gerald,Graham,4,5,james58@jones.com,Graham,Graham
Jacob,Holland,2,3,andrewstracy@lewis.org,Holland,Holland
Kristin,Cox,2,2,gdillon@soto.info,Cox,Cox
Maria,Hartman,2,3,tiffany49@gmail.com,Hartman,Hartman
Barry,Stephens,1,5,haley52@wood.net,Stephens,Stephens
William,Page,3,3,davispatricia@barnes.com,Page,Page
Ryan,Robertson,3,2,jordanronald@hall.com,Robertson,Robertson
Diamond,Flores,1,5,yflores@espinoza.com,Flores,Flores
Jason,Maynard,1,3,vazquezkatherine@shelton.org,Maynard,Maynard
Barbara,Moore,4,2,christopher83@gmail.com,Moore,Moore
Martin,Roman,2,2,omoran@gmail.com,Roman,Roman
Monique,Williams,3,4,melindahamilton@williams.info,Williams,Williams
Mary,Brown,3,2,jamiebrown@hotmail.com,Brown,Brown
Charles,Thompson,1,2,robinsonjames@yahoo.com,Thompson,Thompson
James,Hickman,2,3,julia68@hotmail.com,Hickman,Hickman
Emily,Wood,5,2,kroberson@hotmail.com,Wood,Wood
Ashley,Long,2,4,matthewgarcia@lee-anderson.com,Long,Long
John,Myers,2,3,millertimothy@jones.com,Myers,Myers
Michael,Salas,3,4,ywilliamson@perez.com,Salas,Salas
Christopher,Moore,5,5,jonathanreyes@yahoo.com,Moore,Moore
Jeffrey,Little,1,3,martinezleslie@gmail.com,Little,Little
Angela,Beasley,2,2,hmarshall@jones.biz,Beasley,Beasley
Alexander,Montes,4,1,colleen95@hotmail.com,Montes,Montes
Stephanie,Lindsey,5,5,shelby72@mckinney.com,Lindsey,Lindsey
Caleb,Powell,1,4,yoderdarrell@mccann.net,Powell,Powell
Destiny,Mcmillan,4,3,kduarte@warren.com,Mcmillan,Mcmillan
Michelle,King,3,3,lisa04@gmail.com,King,King
Brian,Robertson,2,5,tamara73@gmail.com,Robertson,Robertson
Katie,Nelson,1,2,eosborne@gutierrez-smith.com,Nelson,Nelson
Amy,Brown,5,5,dwarren@hotmail.com,Brown,Brown
Kaitlin,Browning,5,5,jonesmelissa@stevens.com,Browning,Browning
Suzanne,Martinez,5,5,daniel99@yahoo.com,Martinez,Martinez
Jacob,Rodriguez,5,3,xcook@davis-smith.com,Rodriguez,Rodriguez
Victor,Green,2,3,samantha93@luna.info,Green,Green
Kimberly,Owens,2,4,amanda09@morrow.info,Owens,Owens
Larry,Lee,4,4,brent30@martinez.com,Lee,Lee
Daniel,Jennings,2,5,carla05@gmail.com,Jennings,Jennings
Edward,Waters,2,5,wilsonjacob@hotmail.com,Waters,Waters
Emily,Mills,4,3,erin94@brown.com,Mills,Mills
Cody,Frost,4,2,bergermichelle@hotmail.com,Frost,Frost
Julia,Houston,5,4,brian29@yahoo.com,Houston,Houston
Melinda,Horn,5,2,braymelissa@webb-raymond.com,Horn,Horn
Dustin,Hernandez,5,2,jamesmanning@hotmail.com,Hernandez,Hernandez
Heidi,Cross,1,2,brownbarbara@leonard.com,Cross,Cross
Elizabeth,Garcia,2,1,raymond64@bentley.com,Garcia,Garcia
Anthony,Schwartz,5,3,pauldawson@mccoy.com,Schwartz,Schwartz
Jacqueline,Turner,3,5,vaughnjose@benjamin-howard.com,Turner,Turner
Charles,Weeks,5,4,qgarcia@lopez.net,Weeks,Weeks
Laura,Banks,1,4,daniel29@yahoo.com,Banks,Banks
Jason,Olson,1,4,kennethpeterson@yahoo.com,Olson,Olson
Heather,Brown,1,2,smithalison@yahoo.com,Brown,Brown
Timothy,Elliott,1,3,sotorobert@gallagher-romero.com,Elliott,Elliott
Jason,Austin,5,1,jennifermckinney@gmail.com,Austin,Austin
Paul,Ayers,1,4,davidsmith@johnson.com,Ayers,Ayers
Adrienne,Thompson,5,1,nruiz@hotmail.com,Thompson,Thompson
Christian,Banks,2,5,vasquezkaren@chapman-perez.com,Banks,Banks
Sarah,Barnes,3,3,pamelacollins@hanson-suarez.com,Barnes,Barnes
Nancy,Allen,3,4,melissamiller@phillips-le.com,Allen,Allen
Ryan,Smith,1,5,tammyferrell@gmail.com,Smith,Smith
Tammy,Stout,4,3,matthewortega@gmail.com,Stout,Stout
Sandra,Parker,3,1,wendymartinez@hansen.com,Parker,Parker
Guy,Brewer,5,1,deborahbeck@francis.com,Brewer,Brewer
Michael,Hodges,5,4,michaelowens@gmail.com,Hodges,Hodges
Jerry,Ward,3,5,mitchellsamuel@williams.info,Ward,Ward
Steven,Smith,3,5,sherry58@bass.com,Smith,Smith
Gilbert,Wells,4,4,fhowe@moore.com,Wells,Wells
John,Nelson,1,5,thomasaaron@hurley-torres.biz,Nelson,Nelson
Candice,Smith,4,4,bryanowens@gardner.com,Smith,Smith
Travis,Anderson,5,1,rosalesbrad@yahoo.com,Anderson,Anderson
Teresa,Phillips,5,1,cartermario@yahoo.com,Phillips,Phillips
Michelle,Richards,3,5,rromero@hotmail.com,Richards,Richards
Valerie,Park,3,4,lauren23@grimes.org,Park,Park
Christine,Watson,5,5,klinedavid@hotmail.com,Watson,Watson
Jonathan,Kelly,3,5,david54@martinez-brooks.com,Kelly,Kelly
Briana,Santos,5,2,toddsims@yahoo.com,Santos,Santos
Maxwell,Ford,4,3,nicholas10@hotmail.com,Ford,Ford
Melissa,Soto,5,1,melissaking@rojas.info,Soto,Soto
Antonio,Perez,5,1,susan30@gmail.com,Perez,Perez
Christina,Floyd,5,4,ycook@francis.net,Floyd,Floyd
Eric,Wood,2,1,gwise@gmail.com,Wood,Wood
Lisa,Campbell,1,1,lthompson@yahoo.com,Campbell,Campbell
Stephanie,Martin,4,5,bonillakevin@hotmail.com,Martin,Martin
